query_no,latency,aqp_std,aqp_aggregate,true_std,true_aggregate,count,relative_confidence_interval_error
0,0.0022358112037181854,0.07059752174973255,1205.769655778904,0.07140082463069583,1205.842240297056,565550,6.661757683703208e-07
1,0.0014041503891348839,2.5424396821937307,735.8754227171062,2.54325423367241,735.8001190087442,137805,1.107028196430041e-06
2,0.005408529192209244,5361.010129236398,106241.86845070621,5349.917873798299,105800.0,1058,0.00010484173381945764
2,0.005408529192209244,17644.47781249974,1152058.5568572034,17611.327147775693,1147700.0,11477,2.8884433845121358e-05
2,0.005408529192209244,1842.8836582460226,12553.290826193832,1875.4094930546935,13000.0,130,0.002501987292974683
2,0.005408529192209244,8532.834213976515,269190.57030377554,8512.466818667712,267900.0,2679,7.602611164167107e-05
2,0.005408529192209244,7610.62105226345,214135.9117886543,7504.5111053367755,208200.0,2082,0.0005096539237592442
2,0.005408529192209244,11121.853446596593,457413.88039998565,11059.673670369422,452300.0,4523,0.00013747463238375152
2,0.005408529192209244,3851.989905672759,54846.68735518439,3786.637072594816,53000.0,530,0.0012330723222253425
2,0.005408529192209244,18806.88635693188,1309058.3477203012,18866.86873880156,1317400.0,13174,4.5530880423320396e-05
2,0.005408529192209244,11182.27518277953,462399.67548974237,11188.459816982513,462900.0,4629,1.3360626923706942e-05
2,0.005408529192209244,4716.006595287967,82213.0603732217,4767.038491866859,84000.0,840,0.0006075225783201425
2,0.005408529192209244,7341.874908600788,199276.83524691281,7305.466473938401,197300.0,1973,0.0001845333738590353
2,0.005408529192209244,4312.315471769936,68739.6322969828,4209.530719515486,65500.0,655,0.001569232858846562
2,0.005408529192209244,6907.592452096171,176395.02372191765,6825.059382511429,172200.0,1722,0.00047928611837828975
2,0.005408529192209244,12029.017832262325,535117.4389364286,11988.4613307709,531500.0,5315,7.630574128207821e-05
2,0.005408529192209244,2360.2239347514987,20590.726194039937,2394.917644666988,21200.0,212,0.0016364957507306278
2,0.005408529192209244,12411.455673632561,569703.9591463065,12593.135339946708,586500.0,5865,0.0003097692520275307
2,0.005408529192209244,6098.751000909222,137498.45735482904,5959.792049998872,131300.0,1313,0.0010583316901016742
2,0.005408529192209244,12993.888921606704,624461.8222238346,12975.718939922224,622700.0,6227,2.9179350705764176e-05
2,0.005408529192209244,6318.8505483108165,147603.47344060792,6275.904485622873,145600.0,1456,0.00029495922175785434
2,0.005408529192209244,2125.331209773427,16696.167431595994,2261.2785064035356,18900.0,189,0.0071929786576777075
2,0.005408529192209244,16333.098502580426,987011.7870277601,16254.487265669844,977500.0,9775,8.042070272182228e-05
2,0.005408529192209244,15294.626416463405,865386.3726080392,15384.731310309842,875600.0,8756,0.00010290645711105224
2,0.005408529192209244,2568.1396036864826,24378.34083765556,2537.526387634948,23800.0,238,0.0012862695819972451
2,0.005408529192209244,22114.339095345,1810887.2906681905,22215.635950156604,1827500.0,18275,5.542919551934563e-05
2,0.005408529192209244,8599.166112169332,273393.2134121968,8566.299090706609,271300.0,2713,0.00012114641158394265
2,0.005408529192209244,6010.504235351284,133547.60988773432,5934.777950710263,130200.0,1302,0.0005816150894087585
3,0.012627767398953438,1861.8779692673725,12813.397282516808,1824.2197006858687,12300.0,123,0.0030616478521547775
3,0.012627767398953438,6130.745207340893,138945.0834246812,6061.046992127452,135800.0,1358,0.0005132416436924998
3,0.012627767398953438,640.0056339006358,1513.9953877040655,520.1481278012984,1000.0,10,0.11985750609933735
3,0.012627767398953438,2963.670224076428,32466.10243401614,2909.997586241609,31300.0,313,0.001714780761495813
3,0.012627767398953438,2643.2953244493947,25826.103821995363,2672.5355289042113,26400.0,264,0.0011075835020763882
3,0.012627767398953438,3863.2161208884354,55166.860553441664,3790.207498740508,53100.0,531,0.0013749269707707594
3,0.012627767398953438,1337.762251900882,6614.80502492606,1366.313325058879,6900.0,69,0.0041378366895647905
3,0.012627767398953438,6535.087767497462,157880.22016119692,6424.974145892534,152600.0,1526,0.0007215833656941552
3,0.012627767398953438,3884.2117127341626,55768.159085823376,4005.361566842088,59300.0,593,0.0020429992261032956
3,0.012627767398953438,1637.8537513315714,9915.413868327996,1661.2122605805753,10200.0,102,0.0022900499263729286
3,0.012627767398953438,2549.935507444454,24033.948797830642,2532.189964938621,23700.0,237,0.0007487570677566614
3,0.012627767398953438,1497.6447993416787,8290.439350486291,1385.9733813328419,7100.0,71,0.015728368733638982
3,0.012627767398953438,2399.0799773216277,21274.28595227365,2411.8029278029685,21500.0,215,0.0005917651386670154
3,0.012627767398953438,4178.469286836902,64538.483959428835,4199.880139165591,65200.0,652,0.00032838730565473365
3,0.012627767398953438,819.671544407775,2483.3452148490546,697.8516641386586,1800.0,18,0.06767771126062017
3,0.012627767398953438,4311.375892182157,68709.67912790818,4422.6309937734595,72300.0,723,0.001538798085633503
3,0.012627767398953438,2118.12814374184,16583.185707763918,2007.7847695487533,14900.0,149,0.007405595583428651
3,0.012627767398953438,4513.807015255705,75313.8736237971,4587.75440174147,77800.0,778,0.0009504805460895308
3,0.012627767398953438,2194.5746209587487,17801.833591752482,2175.917780477629,17500.0,175,0.0010661051703496924
3,0.012627767398953438,738.0944956887165,2013.6366549230333,822.4257854415767,2500.0,25,0.033732515901144094
3,0.012627767398953438,5674.685667239202,119039.64504141672,5637.942908959773,117500.0,1175,0.00031270432578237386
3,0.012627767398953438,5313.59977169444,104370.87174097722,5360.020527156761,106200.0,1062,0.0004371069252572581
3,0.012627767398953438,891.8821425439633,2940.1704902186398,915.8143211057132,3100.0,31,0.007720057600564514
3,0.012627767398953438,7686.07744053955,218404.0445117716,7719.455403451765,220300.0,2203,0.00015151140677356097
3,0.012627767398953438,2986.7085836071274,32972.83741739951,2844.175284586895,29900.0,299,0.00476699996723185
3,0.012627767398953438,2087.466364205471,16106.540477365126,2054.4054970436937,15600.0,156,0.002119286356524194
4,0.006320544518530369,1244.1817058734932,5721.717455298412,1208.7123627426051,5400.0,54,0.0065683968760903875
4,0.006320544518530369,1242.0368558817763,5702.006962165436,1305.5579794777943,6300.0,63,0.01008271803111397
4,0.006320544518530369,1255.8545531061363,5829.583418653469,1414.9513562220613,7400.0,74,0.021499567988638515
4,0.006320544518530369,1247.443763028502,5751.7599235652715,1305.5579794777943,6300.0,63,0.00922447880147498
4,0.006320544518530369,1261.9764186190732,5886.5567671510935,1174.6574498423515,5100.0,51,0.017121366426808178
4,0.006320544518530369,1274.7122990424386,6005.9714186850715,1356.3764368168406,6800.0,68,0.01200943202564735
4,0.006320544518530369,1302.3382282624407,6269.120258804586,1326.1190799626272,6500.0,65,0.0036585925692594664
4,0.006320544518530369,1242.547126091661,5706.693100997297,1174.6574498423515,5100.0,51,0.013311701225354815
4,0.006320544518530369,1373.7178815962943,6975.164153902519,1366.313325058879,6900.0,69,0.0010731241358573006
4,0.006320544518530369,1435.102597709968,7612.468486045219,1424.4796846180818,7500.0,75,0.00141638841225149
4,0.006320544518530369,1438.2791331869603,7646.205758134932,1611.6130992403616,9600.0,96,0.018055621463895975
4,0.006320544518530369,1440.2198004861566,7666.85385894606,1452.6897238116774,7800.0,78,0.0015987081186565086
4,0.006320544518530369,1469.2209567889659,7978.734147867344,1433.9446983386504,7600.0,76,0.004641612953988879
4,0.006320544518530369,1425.7594092811032,7513.668953980041,1452.6897238116774,7800.0,78,0.003452604426996686
4,0.006320544518530369,1372.8155400122587,6966.003674226017,1489.4722019171936,8200.0,82,0.014226422183528651
4,0.006320544518530369,1368.0226116426647,6917.447254192571,1252.6795687354208,5800.0,58,0.019886731535731707
4,0.006320544518530369,1331.1532180561671,6549.606943982836,1197.4683422951132,5300.0,53,0.0252235614643498
4,0.006320544518530369,1335.1770945926783,6589.264012145548,1208.7123627426051,5400.0,54,0.023419394787050577
4,0.006320544518530369,1360.562780749624,6842.210715251997,1443.347642976677,7700.0,77,0.01075128080870819
4,0.006320544518530369,1297.6279440423523,6223.853798312872,1295.1550260220274,6200.0,62,0.0003988577452136885
4,0.006320544518530369,1301.5640355091236,6261.668899188532,1366.313325058879,6900.0,69,0.009383955007210914
4,0.006320544518530369,1280.4823483947257,6060.467472838609,1127.652183467648,4700.0,47,0.03251705636746334
5,0.011828078888356686,9624937.591912687,289037041.8372529,7702347.334253382,293554210.0,3929,0.006549353380621947
5,0.011828078888356686,9589851.323789477,287491370.9541534,7245297.08201956,269876660.0,3753,0.00868750280876426
5,0.011828078888356686,9705092.746925592,294181777.83157635,7687849.861172787,297592290.0,4053,0.006778545525332009
5,0.011828078888356686,9639948.033704937,290249480.2145282,7784868.273871229,302684020.0,4089,0.006128766757603218
5,0.011828078888356686,9773897.379391551,297707328.87207294,7694363.866866218,298467400.0,4070,0.006967372358004034
5,0.011828078888356686,9867607.730980992,303597005.12785035,7682996.133745774,294712610.0,3980,0.007412684503846709
5,0.011828078888356686,10072529.191701055,316622518.0128407,7691831.497723397,305832480.0,4276,0.00778431935671992
5,0.011828078888356686,9608476.251084745,288164358.08731425,7701690.426926651,291503450.0,3875,0.006541211859269912
5,0.011828078888356686,10629282.628474534,352442394.6512358,8321589.911567163,351374410.0,4822,0.006567617479335991
5,0.011828078888356686,11078933.702212214,383780690.41121197,8845759.481335316,391002250.0,5284,0.005711410153974558
5,0.011828078888356686,11122527.597551286,386138345.7336209,8770553.826782718,389581580.0,5336,0.006037179095501815
5,0.011828078888356686,11130606.052374184,386942322.05664974,8930718.492728151,394196810.0,5269,0.005580683313104519
5,0.011828078888356686,11340279.714254498,402177696.6399238,9085503.779752634,410513160.0,5521,0.005492578933405847
5,0.011828078888356686,11017570.300099969,379165997.65725225,8771995.277224205,386012240.0,5237,0.005817367404918982
5,0.011828078888356686,10610659.932531416,351596664.9582544,8398901.904343903,354197490.0,4810,0.006244420388714537
5,0.011828078888356686,10593281.384207249,349790102.27876776,8307207.977613413,347034980.0,4720,0.006587443740091664
5,0.011828078888356686,10304204.774409652,331072272.44092643,8194809.716179363,331611400.0,4429,0.0063610450612683654
5,0.011828078888356686,10328740.127427518,332865615.70604205,8058276.81278759,326419380.0,4438,0.006955663339106669
5,0.011828078888356686,10517785.88116604,345406886.2015938,8227441.861800934,339892620.0,4616,0.006738434095347839
5,0.011828078888356686,10040910.674372256,314485540.6848497,7890714.633450651,313520190.0,4270,0.006858237872723939
5,0.011828078888356686,10053379.236913621,315836012.6599099,8009901.469405583,319965750.0,4316,0.006386551584061852
5,0.011828078888356686,9894271.96379447,305800043.1630566,7818900.94015461,304266370.0,4096,0.006820901776426556
6,0.01814794074743986,1777977.2663194742,9663918.349104388,1792809.645450524,9809410.0,81,0.0015120561920696403
6,0.01814794074743986,1663573.0476155486,8463462.323478827,1785381.11350284,9647210.0,79,0.012626247991625709
6,0.01814794074743986,1418451.1080451012,6149304.266732196,1505584.8869123177,6910360.000000001,57,0.012609151891828579
6,0.01814794074743986,3977750.9479976967,48375479.087521836,4011848.8760784254,49447630.0,411,0.0006895765900353312
6,0.01814794074743986,7602892.144622624,176740356.933384,7484316.874251627,171715820.0,1424,0.0006905320102189569
6,0.01814794074743986,4071983.2327403426,50702220.244589046,4055965.8899440398,50656020.0,422,0.00031619820894541
6,0.01814794074743986,1494151.5968141658,6823651.533701516,1621075.2889294,8066810.000000001,67,0.01573406242557271
6,0.01814794074743986,5652488.899929792,97691445.36176386,5502860.082041614,92897550.0,771,0.00161068637319475
6,0.01814794074743986,5317604.261364028,86453907.96453957,5485335.271298807,92300930.0,766,0.001817219067400288
6,0.01814794074743986,2363959.455869425,17086747.132138226,2449138.9907287178,18296720.0,151,0.004655453811354859
6,0.01814794074743986,1195731.1997563243,4369953.710534931,1315859.6842763354,5245570.0,43,0.02290094013043599
6,0.01814794074743986,1226257.7424459169,4598799.692978966,1177821.6586488872,4296210.0,36,0.011274142510964242
6,0.01814794074743986,5608333.951024175,96170402.71104598,5523841.297245124,93734340.0,779,0.0009014055444253444
6,0.01814794074743986,1902087.385705728,11063720.333888935,1861972.9507770678,10738980.0,90,0.003735404566230711
6,0.01814794074743986,896289.3569294242,2456988.8333410677,901572.7195084707,2511600.0,21,0.0021035844000025943
6,0.01814794074743986,2853065.7089658193,24886386.389865514,2822610.132364222,24449670.0,203,0.0012456436672395774
6,0.01814794074743986,2266053.4140684996,15698250.368317408,2415124.4596929536,17862450.0,148,0.008345498272882725
6,0.01814794074743986,2961372.7860420384,26811820.066630997,3096785.20730988,29227640.000000004,241,0.004633026178912887
6,0.01814794074743986,2702873.3445496038,22334527.175381836,2701504.412900624,22339020.0,185,6.12798434747762e-05
6,0.01814794074743986,840291.4116740879,2158563.9641424976,830375.836676606,2081300.0,17,0.004764125785558012
6,0.01814794074743986,3634961.5292369053,40399989.98419374,3665656.864420138,41213840.0,342,0.0007447822183817999
6,0.01814794074743986,3272599.9219109155,32745223.297495615,3286473.444814248,33013209.999999996,273,0.00042024156097915014
6,0.01814794074743986,3546894.9086360037,38458854.53235518,3552734.421116181,38818760.0,323,0.00015043016521335177
6,0.01814794074743986,1076361.5059135049,3543063.6251523118,1285657.092980319,5065270.0,42,0.04131972966235049
6,0.01814794074743986,1153968.181056738,4071032.193957109,1089066.6359238804,3565240.0,29,0.018203976487657918
6,0.01814794074743986,3846887.883725047,45243913.81976248,3964150.9963263674,48201430.0,400,0.0024327724841632344
6,0.01814794074743986,870101.7780050673,2315418.19474047,719605.9986570099,1577210.0,13,0.09541898627833792
6,0.01814794074743986,1354096.6236787215,5609971.80559573,1392916.145909135,6047480.0,51,0.006419123706140989
6,0.01814794074743986,1010902.4074556278,3123036.526740096,809274.2907419176,2028459.9999999998,17,0.09939960202010899
6,0.01814794074743986,3136661.219477441,30079642.253878508,3250404.387032521,32350490.000000004,268,0.003515964288487741
6,0.01814794074743986,1670693.291760983,8531315.140049946,1608135.512247406,7942560.000000001,66,0.00787627408714281
6,0.01814794074743986,3646888.4882363006,40667427.29326148,3510554.165438528,38059870.0,318,0.003582101641381657
6,0.01814794074743986,4548657.625217348,63261207.141584694,4669082.686878288,66874650.0,555,0.0018007580101120503
6,0.01814794074743986,2984388.8718180694,27227116.437880713,2948773.5201869644,26590530.0,220,0.0013393998401350009
6,0.01814794074743986,1824100.1091551613,10174264.821978653,1787013.1004485155,9717100.0,80,0.0038166745949558827
6,0.01814794074743986,2253123.735185342,15521846.972566435,2157336.2557955063,14307429.999999998,119,0.0066949465690089435
6,0.01814794074743986,3734696.265590854,42650265.57364797,3507075.9091728064,37601290.0,311,0.006053525196025125
6,0.01814794074743986,1405505.5624264032,6040046.463013706,1228224.5174083195,4602820.0,38,0.038515745785862504
6,0.01814794074743986,1278193.2061650557,4993536.358161339,1289364.1477889067,5079870.0,42,0.002199060531834665
6,0.01814794074743986,1595440.9163563484,7780472.3684606915,1616142.232974586,8042330.0,67,0.0025740446634542036
6,0.01814794074743986,808908.6324098879,2000087.6785509218,910264.807235877,2535650.0,21,0.03997246261352678
6,0.01814794074743986,3058264.078478381,28596331.516478788,2902210.69696527,25568860.0,210,0.00610325925806277
6,0.01814794074743986,7386845.521650583,166842152.59856182,7505175.83058101,172677490.0,1432,0.0006852677145725698
6,0.01814794074743986,2984609.8247092403,27235749.40632143,2881058.5704763453,25322040.0,209,0.004089372508411451
6,0.01814794074743986,3856323.7631419525,45463516.45158864,3801772.255899298,44459630.0,370,0.0012269896812603805
6,0.01814794074743986,560435.1704738282,959110.7406518839,653242.4930963768,1317070.0,11,0.07046498866616699
6,0.01814794074743986,622253.3790748352,1184369.7816057133,570068.7598392614,980120.0000000001,8,0.053243091902597434
6,0.01814794074743986,3084513.0204613023,29082666.921101596,2990250.4325618306,27510540.000000004,229,0.003426417216800238
6,0.01814794074743986,1870970.8924838994,10703482.960242618,1839574.0897354041,10371260.0,86,0.003027289138300963
6,0.01814794074743986,497843.5554338879,757311.0571403174,338038.0463979843,355930.0,3,0.44898016193044576
6,0.01814794074743986,700911.4143169078,1501828.2953129134,754021.1551417432,1775330.0,15,0.02991541900651456
7,0.014139455743134022,4.286960363554044,1205.7694054311855,4.46225491159577,1204.7640718562875,167,0.00014550114178922508
7,0.014139455743134022,1.3018487790966446,1205.7694320042547,1.262632733916151,1205.7370864770749,1723,3.252454089728237e-05
7,0.014139455743134022,12.47088121301772,1205.7682670238808,21.122863039793053,1222.5473684210526,19,0.007077011533671339
7,0.014139455743134022,2.693332400031977,1205.770606736353,3.4516430364847777,1207.473611111111,360,0.0006280142518021632
7,0.014139455743134022,3.019694264517966,1205.7699597421297,2.7621705396188356,1204.2882352941176,306,0.00021383894432568017
7,0.014139455743134022,2.066079788549132,1205.7696419014483,1.6403951035773523,1204.3606194690265,678,0.0003534528430192726
7,0.014139455743134022,5.966183265914879,1205.7680462295348,6.959999651344337,1205.327142857143,70,0.00082452004115139
7,0.014139455743134022,1.2212919142218652,1205.769494140862,1.2369962340302847,1205.7855312333156,1873,1.302414019876038e-05
7,0.014139455743134022,2.0549020730059055,1205.7695424144165,1.9240020821459425,1204.7307936507937,630,0.0001086549721729003
7,0.014139455743134022,4.8735540576465155,1205.770410668423,5.522377591700083,1207.2853211009174,109,0.0005374235259167309
7,0.014139455743134022,3.130150846345714,1205.7692114990332,2.223819773044937,1203.5257246376812,276,0.0007530633161776628
7,0.014139455743134022,5.329870608817146,1205.7706275833873,5.351938438205754,1203.258024691358,81,1.8340064172245026e-05
7,0.014139455743134022,3.3270175423615456,1205.7694553381748,4.198291175721578,1205.8905138339921,253,0.0007225147087275085
7,0.014139455743134022,1.910234606045833,1205.7701478908216,2.0899908733087957,1206.8142670157067,764,0.00014895106245924348
7,0.014139455743134022,9.736885070347626,1205.7671989376006,7.0416241937075,1204.1026315789475,38,0.002238397962062264
7,0.014139455743134022,1.851287601180502,1205.7694689682269,2.205463755471823,1207.4235294117648,833,0.00029333216196628965
7,0.014139455743134022,3.7685014736985067,1205.7704856037676,3.466476290417908,1206.8284153005463,183,0.0002502635664286898
7,0.014139455743134022,1.7682796465460342,1205.7697556027342,1.8305256876139882,1206.8341216216215,888,5.1577959184907714e-05
7,0.014139455743134022,3.63700048429223,1205.769103492414,2.390918415153402,1202.9265700483093,207,0.001035875422627655
7,0.014139455743134022,10.812667497714983,1205.7664200299207,13.764776902682861,1207.536842105263,19,0.002444736509919701
7,0.014139455743134022,1.4065177828997548,1205.7698888831324,2.088940469315193,1208.0666906474821,1390,0.0005648882563343279
7,0.014139455743134022,1.5021075876193208,1205.7698712526421,1.6132320054978895,1206.3352032520324,1230,9.211736305050204e-05
7,0.014139455743134022,8.949367282739559,1205.769250275704,11.077992504803262,1206.4,25,0.0017644439838061204
7,0.014139455743134022,1.038389567196873,1205.769869152512,0.840462160671747,1204.7702103250479,2615,0.00016428643805172202
7,0.014139455743134022,2.6724122219875426,1205.769405219196,2.0611387769788103,1204.6454773869348,398,0.0005074301580699745
7,0.014139455743134022,3.823377772114327,1205.7676991167946,3.7200114561253006,1206.6194117647058,170,8.566604762130503e-05
8,0.2432274529710412,4965.881340601234,91156.6943759754,5029.360400892539,93500.0,935,0.0006789204309230422
8,0.2432274529710412,4674.846632140718,80784.14296587628,4625.922169120533,79100.0,791,0.0006185140710516397
8,0.2432274529710412,3974.459552216278,58389.91235833679,3902.7364852311093,56300.0,563,0.001273944351423957
8,0.2432274529710412,11176.354252895806,461909.90454780357,11224.639960365454,465900.0,4659,0.00010363963826925866
8,0.2432274529710412,21322.0254384093,1683235.4489616037,21361.234268079355,1689400.0,16894,2.320873071508034e-05
8,0.2432274529710412,11398.351857423142,480451.0328484711,11372.961287676613,478300.0,4783,5.308502978575968e-05
8,0.2432274529710412,4182.988627979641,64678.17532315173,4212.7426655467625,65600.0,656,0.00045356764584026656
8,0.2432274529710412,15856.72327588452,930223.6651296285,15852.461115513917,929700.0,9297,4.584446994302401e-06
8,0.2432274529710412,14830.022470102762,813567.1396867745,14782.161919464766,808300.0,8083,5.921137033031721e-05
8,0.2432274529710412,6612.067777968099,161622.22936404878,6491.979642299076,155800.0,1558,0.0007707839259885966
8,0.2432274529710412,3352.8029991367366,41551.85527730658,3297.8549784396523,40200.0,402,0.0013668661864946344
8,0.2432274529710412,3460.8081139821224,44272.14550595814,3622.326509427851,48500.0,485,0.0033302761947572868
8,0.2432274529710412,15658.224448564346,907058.8140607142,15561.024202036255,895800.0,8958,0.00010850663823184992
8,0.2432274529710412,5328.926856193968,104973.91924841807,5420.240862207933,108600.0,1086,0.000840828784658977
8,0.2432274529710412,2474.5097890031175,22633.12295056555,2461.7639171588676,22400.0,224,0.0005690121359040137
8,0.2432274529710412,7986.67122951863,235825.2735897879,8016.759860393992,237600.0,2376,0.00012663565183233363
8,0.2432274529710412,6399.503915635811,151396.09584161075,6325.272284209778,147900.0,1479,0.0005019042016635053
8,0.2432274529710412,8314.442959062668,255583.98221942698,8241.30677462543,251100.0,2511,0.0002912631797580192
8,0.2432274529710412,7570.885027666751,211905.2144687271,7613.630615608724,214300.0,2143,0.0001994661126550308
8,0.2432274529710412,2395.7451440309706,21215.181301636687,2400.559270133162,21300.0,213,0.000226015309962042
8,0.2432274529710412,10186.000335722405,383645.6904906215,10226.578485225697,386700.0,3867,0.00010493444402195906
8,0.2432274529710412,9231.937454187486,315122.11906521156,9230.263975048721,315000.0,3150,5.312632186553581e-06
8,0.2432274529710412,9908.56140477024,363023.88694424304,9939.6880484091,365300.0,3653,8.520844138751603e-05
8,0.2432274529710412,3000.379647644979,33275.39152214574,3085.9646353708786,35200.0,352,0.0024313916967585152
8,0.2432274529710412,3203.6775456233518,37937.645313460736,3244.0953486126355,38900.0,389,0.0010390180717039512
8,0.2432274529710412,10776.01789627975,429397.4272824186,10756.0975287078,427800.0,4278,4.656467408123169e-05
8,0.2432274529710412,2430.3043499710875,21831.67767073619,2383.5943319143134,21000.0,210,0.002224286574132098
8,0.2432274529710412,3807.843107019791,53596.653088588144,3804.455688431042,53500.0,535,6.331623530372654e-05
8,0.2432274529710412,2839.741953551853,29807.59944596103,2820.295002067428,29400.0,294,0.0006614609348443868
8,0.2432274529710412,8834.739663342829,288581.9503754779,8888.522933836683,292100.0,2921,0.00018412622558662686
8,0.2432274529710412,4632.741466228457,79335.37649849245,4640.518464458285,79600.0,796,9.770098278678101e-05
8,0.2432274529710412,10280.56275027286,390804.75457678945,10250.342814535856,388500.0,3885,7.778619237324211e-05
8,0.2432274529710412,12738.034781023161,600097.5656814575,12871.172478921417,612700.0,6127,0.00021729671600825083
8,0.2432274529710412,8421.893764896784,262234.43680108787,8459.889918355366,264600.0,2646,0.00014359846356228962
8,0.2432274529710412,5142.200518029844,97745.49932072639,5117.335779142704,96800.0,968,0.0002568671372638382
8,0.2432274529710412,6313.2656444085005,147342.63221478148,6260.8021920597985,144900.0,1449,0.00036206661386267806
8,0.2432274529710412,10498.916456243896,407588.8682255234,10573.595829882936,413400.0,4134,0.00018064676739003172
8,0.2432274529710412,3918.200758068255,56748.49077560937,3947.535010763622,57600.0,576,0.0005092752204056773
8,0.2432274529710412,3566.419457394215,47015.55434845094,3543.0409444881134,46400.0,464,0.0005038472609073622
8,0.2432274529710412,4444.662469114948,73023.99491983627,4492.421227949454,74600.0,746,0.0006401978396046367
8,0.2432274529710412,2305.275156357897,19643.11556043295,2308.639340635963,19700.0,197,0.00017077077553635556
8,0.2432274529710412,8608.487374359916,273986.39883704716,8611.948659257196,274200.0,2742,1.2623212608604144e-05
8,0.2432274529710412,20684.850891853916,1583979.5335365837,20591.15224852133,1569600.0,15696,5.969587368283877e-05
8,0.2432274529710412,8392.770715981227,260423.47871685805,8392.49699149796,260400.0,2604,1.0511692905832173e-06
8,0.2432274529710412,10816.05507471069,432595.5021971221,10752.32705812982,427500.0,4275,0.00014907138381489997
8,0.2432274529710412,1554.4683942310894,8931.491147329069,1693.4714824451241,10600.0,106,0.013113498888116484
8,0.2432274529710412,1798.2307555959687,11952.323355916638,1860.9275358321117,12800.0,128,0.004898185955948673
8,0.2432274529710412,8637.002930716204,275805.06312589074,8626.066592984236,275100.0,2751,3.9754044827218454e-05
8,0.2432274529710412,5228.827531712173,101066.87350924996,5360.020527156761,106200.0,1062,0.0012353389401561932
8,0.2432274529710412,1425.7480756493433,7513.549498400208,1405.3584253309134,7300.0,73,0.002793102783346556
8,0.2432274529710412,1968.1666267682867,14318.128172335986,1960.0553946858947,14200.0,142,0.0005712135269290146
9,0.39323799032717943,1718.9273170651322,10921.343593257909,1569.083215964495,9100.0,91,0.016466384736333772
9,0.39323799032717943,5660.106217948371,118428.68315747919,5754.285229101697,122400.0,1224,0.0007694363656317518
9,0.39323799032717943,590.8105288349902,1290.1889362162317,697.8516641386586,1800.0,18,0.05946729739092689
9,0.39323799032717943,2736.40641149558,27677.669547779216,2616.2667600476907,25300.0,253,0.004748602824027243
9,0.39323799032717943,2440.4651666118807,22014.61466418621,2349.2969272653163,20400.0,204,0.004469031340517863
9,0.39323799032717943,3566.689340751589,47022.67061318507,3550.668242893203,46600.0,466,0.00034380038322716583
9,0.39323799032717943,1234.9104865916652,5636.762099271632,1305.5579794777943,6300.0,63,0.01121388775970304
9,0.39323799032717943,6033.448512701347,134569.29293551095,6011.757765664355,133600.0,1336,0.00016235589099544554
9,0.39323799032717943,3586.043596814845,47534.40648543868,3565.873887239905,47000.0,470,0.0004291427569136179
9,0.39323799032717943,1512.23043035696,8452.708996109532,1569.083215964495,9100.0,91,0.006247558857970879
9,0.39323799032717943,2354.1210248616662,20484.37742797575,2422.9944065249792,21700.0,217,0.003173888555913042
9,0.39323799032717943,1382.8005091553068,7067.70528420012,1346.3662091197036,6700.0,67,0.0054379552291945075
9,0.39323799032717943,2214.8948696901316,18133.031258955412,2194.48892133249,17800.0,178,0.001146401593125932
9,0.39323799032717943,3857.91130676608,55015.450383481104,3885.36871673981,55800.0,558,0.0004920682790991064
9,0.39323799032717943,756.5983096787099,2115.86499100131,678.1899477979321,1700.0,17,0.04612256581222228
9,0.39323799032717943,3980.3961545485654,58564.485473652756,4005.361566842088,59300.0,593,0.00042100189365130866
9,0.39323799032717943,1955.6810570772177,14137.04038486255,1911.1343109523611,13500.0,135,0.0032997589722115967
9,0.39323799032717943,4167.389155099132,64196.63980912825,4045.6825877389915,60500.0,605,0.0020116787993411656
9,0.39323799032717943,2026.0296854464505,15172.407509322224,2067.5326155308803,15800.0,158,0.0026267677268626494
9,0.39323799032717943,681.2539747573908,1715.4384645335897,657.9409244272177,1600.0,16,0.01457065645635815
9,0.39323799032717943,5239.250220075817,101470.23177835785,5198.622795639288,99900.0,999,0.00040668092529058566
9,0.39323799032717943,4905.858943730724,88966.2027819167,4983.433443138784,91800.0,918,0.0008450381199135136
9,0.39323799032717943,823.3941845261315,2505.9533352804274,885.7795020915898,2900.0,29,0.021512178470847694
9,0.39323799032717943,7096.342244347092,186168.52899188592,7186.025659436307,190900.0,1909,0.00046979264059306174
9,0.39323799032717943,2757.4001130514444,28103.996615654625,2652.212300309041,26000.0,260,0.004045685105477053
9,0.39323799032717943,1926.919954253919,13724.281244750015,1918.199430673994,13600.0,136,0.0006412149691121439
10,0.06380380876362324,4593876036.48735,65809843016.19661,4588241821.088234,65835102263.0,557,8.55807191824323e-05
10,0.06380380876362324,4585957832.737068,65583152968.45124,4358593505.9314995,59253203554.0,500,0.0038371651348498275
10,0.06380380876362324,4636973469.932945,67050500366.87498,4663572343.322703,68047767690.0,576,0.0003908853191324741
10,0.06380380876362324,4605920214.711906,66155392931.49551,4641127569.897619,66951475836.0,563,0.0005258637654523774
10,0.06380380876362324,4659574961.669479,67705776248.81073,4664075715.5162525,67818339246.0,572,6.636484904838785e-05
10,0.06380380876362324,4706596877.218903,69079259363.22952,4739938861.281744,69878407708.0,588,0.0004771428708302446
10,0.06380380876362324,4808593763.900635,72105942670.69237,4860306192.14067,73814283914.0,624,0.000700574814222739
10,0.06380380876362324,4587841196.022697,65637039623.01301,4557902765.247259,64928276564.0,549,0.0004611000377613274
10,0.06380380876362324,5072129795.801163,80226688527.6755,5008188905.392421,78755371874.0,669,0.0008118924320621633
10,0.06380380876362324,5298763443.316025,87556836402.39351,5201905948.428977,84803639180.0,719,0.0011421384249968667
10,0.06380380876362324,5310490405.340958,87944856255.67036,5254803400.00004,86436985712.0,732,0.0006442497373342184
10,0.06380380876362324,5317655604.675003,88182352525.24174,5300687144.808548,87962615338.0,745,0.0001929053587282855
10,0.06380380876362324,5424727865.79364,91769540496.37338,5313227918.117772,88170708056.0,745,0.001264591723648753
10,0.06380380876362324,5264268030.114944,86420456987.42001,5213454938.337642,84873531469.0,717,0.0005986918524282472
10,0.06380380876362324,5068798804.997238,80121337570.34767,5039194430.8763685,79538476539.0,674,0.0003722019255215903
10,0.06380380876362324,5051102416.855286,79562835008.39223,5038053831.077603,79461468513.0,673,0.00016421274388539068
10,0.06380380876362324,4914979656.703995,75332026432.06036,4708256062.818155,69588651794.0,591,0.0029706509402968972
10,0.06380380876362324,4929836228.452744,75788158540.558,4908043650.399054,75311646475.0,637,0.0002893653116576609
10,0.06380380876362324,5023561267.501984,78697498406.28503,4963661709.655094,77587035088.0,661,0.0007720305045675584
10,0.06380380876362324,4791202950.333771,71585294342.7872,4762754407.63879,70631865695.0,595,0.0004027720691652986
10,0.06380380876362324,4805735936.851425,72020250367.39117,4762122445.586656,71095801797.0,603,0.0006134467881704078
10,0.06380380876362324,4727900989.344543,69706075495.87805,4830227187.795886,72826231212.0,615,0.0014050733746397918
11,0.016930323094129562,49073.053858640546,309549.7068504152,27907.46562205528,313320.0,342,0.06755262427098578
11,0.016930323094129562,46042.9152755214,272340.67160486226,28908.06406252166,307150.0,307,0.05578659030766643
11,0.016930323094129562,39183.03704621256,197074.10950489974,24103.146961045917,205919.99999999997,199,0.07323178945787996
11,0.016930323094129562,109571.88445890695,1544754.159291677,61413.0333591884,1580050.0,1792,0.030479320970677227
11,0.016930323094129562,209338.29244305938,5641415.987999714,118411.00172631476,5717850.0,6306,0.01590235678038854
11,0.016930323094129562,111946.45403901371,1612729.505814079,64143.784123434874,1639050.0,1768,0.029164863741544696
11,0.016930323094129562,41132.08177469106,217181.0969598996,23340.185025985094,223250.0,250,0.07969494624280389
11,0.016930323094129562,155790.55755180214,3124185.522082017,82920.23727034041,2965320.0,3468,0.02457418433135774
11,0.016930323094129562,145910.40135459322,2740739.6638803002,86164.4330265127,2891210.0,3047,0.02066469344256575
11,0.016930323094129562,65183.912570452085,546541.7970107475,37142.79782515844,548250.0,591,0.051146584122742624
11,0.016930323094129562,33364.74873657801,142837.644313161,17097.61975871211,130700.0,159,0.12446158361029763
11,0.016930323094129562,33840.13087762869,146716.1377210467,19619.74938294948,156310.0,174,0.09097550697126996
11,0.016930323094129562,153831.94653111603,3046087.417279036,81849.12813404054,2825640.0,3225,0.025474872381858797
11,0.016930323094129562,52298.427562435856,351441.302933163,27949.74528201539,320870.0,358,0.07588332433826929
11,0.016930323094129562,24663.856721865726,77771.75477311775,16347.918492027022,92740.0,88,0.08966937923052301
11,0.016930323094129562,78479.65122003306,792296.368346347,43697.13129738837,765240.0,831,0.04545308651226373
11,0.016930323094129562,62907.67451103253,508857.87840295036,33652.4797367312,491330.0,578,0.05954286278937034
11,0.016930323094129562,81546.18487526581,855325.3883988827,47522.99762560057,886579.9999999999,943,0.03837576670990237
11,0.016930323094129562,74690.63193391752,717840.2164710873,40501.87656514648,698470.0,806,0.04894806558445036
11,0.016930323094129562,23425.91626906242,69971.49539237881,12985.493383921845,67510.0,74,0.1546500205175615
11,0.016930323094129562,100074.27360622887,1288702.901227888,61138.50142195573,1427910.0,1477,0.027267665458098302
11,0.016930323094129562,90375.83717608568,1050548.2674463878,48934.46484960887,1001760.0,1135,0.04136856365444499
11,0.016930323094129562,97559.3195330773,1224955.444196409,55373.832402629145,1233990.0,1345,0.03418624715795765
11,0.016930323094129562,29452.03842998619,111017.20270458708,17070.359019462525,118770.0,132,0.10424921622062529
11,0.016930323094129562,31733.34611973862,129094.3338086129,13816.914239281678,102770.0,151,0.17433523285449976
11,0.016930323094129562,106031.05353310611,1446971.7729721712,60701.51106536522,1477860.0,1605,0.030672419896161266
11,0.016930323094129562,24009.92965101736,73608.21500810081,13665.800987310255,76090.0,85,0.135945967455738
11,0.016930323094129562,37445.60395235091,179886.14917421527,17695.792665392877,139030.0,168,0.14205431408298952
11,0.016930323094129562,28069.386693359556,100844.52809821356,21612.06810182691,147580.0,128,0.043754699766449696
11,0.016930323094129562,86904.13714176218,971770.3058414491,47938.7279528885,950020.0000000001,1064,0.04101535671762035
11,0.016930323094129562,45912.05491377192,270945.69751444977,27355.694893165743,298620.0,324,0.06214037914609262
11,0.016930323094129562,100739.12198918522,1305574.2990518704,59292.9292381982,1421310.0,1556,0.029160558042219516
11,0.016930323094129562,125386.27858354547,2023814.775982849,72736.27076766801,2097760.0,2252,0.02509820371056625
11,0.016930323094129562,82437.60481153068,873981.725019343,44588.58195298277,840200.0,962,0.04504763491852881
11,0.016930323094129562,50577.049119422096,328712.2488570032,29988.10660604596,342520.0,354,0.060110190684853834
11,0.016930323094129562,61922.87731314887,492929.0909321155,33767.54669954722,478239.99999999994,544,0.05887280573268997
11,0.016930323094129562,102934.18748312234,1363188.6229378595,51252.13581646902,1181710.0,1461,0.04373497022675049
11,0.016930323094129562,38582.4235949259,191037.98003178425,21478.452160088407,196150.0,227,0.0871984268918557
11,0.016930323094129562,35373.71892457601,160588.333043398,21239.61063219222,174140.0,183,0.0811652020924761
11,0.016930323094129562,43966.90768465964,248378.2004000916,24495.415551073824,247810.0,278,0.07857427922031322
11,0.016930323094129562,22419.63875971226,64001.398745930266,30792.47244153577,-70660.0,72,-0.11849467424035538
11,0.016930323094129562,84305.62997668842,914111.6042869448,46084.90162772359,890250.0,1011,0.04293257888117363
11,0.016930323094129562,203228.02930057235,5317171.201656537,114078.3907457896,5340720.0,5928,0.01669243820211184
11,0.016930323094129562,81924.71008101781,862907.6884618241,43839.60911134734,850200.0,1019,0.0447954610323106
11,0.016930323094129562,106081.1461687861,1447905.673270342,57866.72390201741,1407510.0,1602,0.034255118803254464
11,0.016930323094129562,15298.216629443108,29488.05408195193,6678.778482476321,23410.0,34,0.3681947093962745
11,0.016930323094129562,17403.679268655273,38290.82617032949,7011.8338735816815,24060.0,33,0.4319137736938317
11,0.016930323094129562,84983.86680852156,929295.4407423785,44875.71439543072,855300.0,984,0.046893665863545944
11,0.016930323094129562,51578.54316378501,341976.695405511,28188.696776784673,328190.0,368,0.07126922327615205
11,0.016930323094129562,14311.218737412008,25774.1319810756,6280.601752612859,18700.0,25,0.42944475854540903
11,0.016930323094129562,19437.930682446,48020.03178226867,12247.792729578841,55490.0,57,0.12957538210248978
